{"LegoLand":[33.1267,-117.3111],"Oceanside":[33.2117,-117.3258],"Chula Vista":[32.6278,-117.0481],"SDZ":[32.7357,-117.1516],"El Cajon":[32.799299,-116.9532165],"Poway":[32.9967799,-117.0124775],"UCSD":[32.8810092,-117.2341986],"SeaWorld":[32.7643933,-117.2255384],"Petco Park":[32.7070257,-117.1565872],"Balboa Park":[32.7318549,-117.1465514],"Coronado":[32.6809692,-117.1783208],"UTC":[32.8704234,-117.2106077]}